-- Fictional Vietnamese demo users for role-based spending analysis.
-- Phone numbers are realistic-format test numbers, not intended to identify real people.
-- Default password for all three users: Demo@1234
-- bcrypt hash: $2b$12$k7FtOXBezeV.2hbtNTBOk.RzFaCRpmUlKrpnkr0unAKJUirW6X0Da

USE auth_fina;

INSERT INTO auth_users (id, phone, email, password_hash, full_name)
VALUES
  ('11111111-1111-4111-8111-111111111111', '0394827156', 'minh.anh.student@fina.demo', '$2b$12$k7FtOXBezeV.2hbtNTBOk.RzFaCRpmUlKrpnkr0unAKJUirW6X0Da', 'Nguyen Minh Anh'),
  ('22222222-2222-4222-8222-222222222222', '0903847625', 'quoc.bao.freelancer@fina.demo', '$2b$12$k7FtOXBezeV.2hbtNTBOk.RzFaCRpmUlKrpnkr0unAKJUirW6X0Da', 'Tran Quoc Bao'),
  ('33333333-3333-4333-8333-333333333333', '0982716435', 'thu.ha.worker@fina.demo', '$2b$12$k7FtOXBezeV.2hbtNTBOk.RzFaCRpmUlKrpnkr0unAKJUirW6X0Da', 'Le Thu Ha')
ON DUPLICATE KEY UPDATE
  email = VALUES(email),
  password_hash = VALUES(password_hash),
  full_name = VALUES(full_name);

USE finance_fina;

-- Accounts
INSERT INTO accounts (id, user_id, name, type, currency, role, friction_level)
VALUES
  ('aaaaaaa1-aaaa-4aaa-8aaa-aaaaaaaaaaa1', '11111111-1111-4111-8111-111111111111', 'Minh Anh Wallet', 'BANK', 'VND', 'Student', 'MEDIUM'),
  ('bbbbbbb2-bbbb-4bbb-8bbb-bbbbbbbbbbb2', '22222222-2222-4222-8222-222222222222', 'Quoc Bao Business', 'BANK', 'VND', 'Freelancer', 'LOW'),
  ('ccccccc3-cccc-4ccc-8ccc-ccccccccccc3', '33333333-3333-4333-8333-333333333333', 'Thu Ha Payroll', 'BANK', 'VND', 'Worker', 'LOW')
ON DUPLICATE KEY UPDATE
  name = VALUES(name),
  type = VALUES(type),
  currency = VALUES(currency),
  role = VALUES(role),
  friction_level = VALUES(friction_level);

-- Categories for Student
INSERT INTO categories (id, account_id, name, icon, type)
VALUES
  ('a1000000-0000-4000-8000-000000000001', 'aaaaaaa1-aaaa-4aaa-8aaa-aaaaaaaaaaa1', 'Food', 'burger', 'EXPENSE'),
  ('a1000000-0000-4000-8000-000000000002', 'aaaaaaa1-aaaa-4aaa-8aaa-aaaaaaaaaaa1', 'Grocery', 'cart', 'EXPENSE'),
  ('a1000000-0000-4000-8000-000000000003', 'aaaaaaa1-aaaa-4aaa-8aaa-aaaaaaaaaaa1', 'Bill', 'receipt', 'EXPENSE'),
  ('a1000000-0000-4000-8000-000000000004', 'aaaaaaa1-aaaa-4aaa-8aaa-aaaaaaaaaaa1', 'Shopping', 'bag', 'EXPENSE'),
  ('a1000000-0000-4000-8000-000000000005', 'aaaaaaa1-aaaa-4aaa-8aaa-aaaaaaaaaaa1', 'Other', 'box', 'EXPENSE'),
  ('a1000000-0000-4000-8000-000000000006', 'aaaaaaa1-aaaa-4aaa-8aaa-aaaaaaaaaaa1', 'Uncategorized', 'question', 'EXPENSE')
ON DUPLICATE KEY UPDATE
  name = VALUES(name),
  icon = VALUES(icon),
  type = VALUES(type);

-- Categories for Freelancer
INSERT INTO categories (id, account_id, name, icon, type)
VALUES
  ('b2000000-0000-4000-8000-000000000001', 'bbbbbbb2-bbbb-4bbb-8bbb-bbbbbbbbbbb2', 'Food', 'burger', 'EXPENSE'),
  ('b2000000-0000-4000-8000-000000000002', 'bbbbbbb2-bbbb-4bbb-8bbb-bbbbbbbbbbb2', 'Grocery', 'cart', 'EXPENSE'),
  ('b2000000-0000-4000-8000-000000000003', 'bbbbbbb2-bbbb-4bbb-8bbb-bbbbbbbbbbb2', 'Bill', 'receipt', 'EXPENSE'),
  ('b2000000-0000-4000-8000-000000000004', 'bbbbbbb2-bbbb-4bbb-8bbb-bbbbbbbbbbb2', 'Shopping', 'bag', 'EXPENSE'),
  ('b2000000-0000-4000-8000-000000000005', 'bbbbbbb2-bbbb-4bbb-8bbb-bbbbbbbbbbb2', 'Other', 'box', 'EXPENSE'),
  ('b2000000-0000-4000-8000-000000000006', 'bbbbbbb2-bbbb-4bbb-8bbb-bbbbbbbbbbb2', 'Uncategorized', 'question', 'EXPENSE')
ON DUPLICATE KEY UPDATE
  name = VALUES(name),
  icon = VALUES(icon),
  type = VALUES(type);

-- Categories for Worker
INSERT INTO categories (id, account_id, name, icon, type)
VALUES
  ('c3000000-0000-4000-8000-000000000001', 'ccccccc3-cccc-4ccc-8ccc-ccccccccccc3', 'Food', 'burger', 'EXPENSE'),
  ('c3000000-0000-4000-8000-000000000002', 'ccccccc3-cccc-4ccc-8ccc-ccccccccccc3', 'Grocery', 'cart', 'EXPENSE'),
  ('c3000000-0000-4000-8000-000000000003', 'ccccccc3-cccc-4ccc-8ccc-ccccccccccc3', 'Bill', 'receipt', 'EXPENSE'),
  ('c3000000-0000-4000-8000-000000000004', 'ccccccc3-cccc-4ccc-8ccc-ccccccccccc3', 'Shopping', 'bag', 'EXPENSE'),
  ('c3000000-0000-4000-8000-000000000005', 'ccccccc3-cccc-4ccc-8ccc-ccccccccccc3', 'Other', 'box', 'EXPENSE'),
  ('c3000000-0000-4000-8000-000000000006', 'ccccccc3-cccc-4ccc-8ccc-ccccccccccc3', 'Uncategorized', 'question', 'EXPENSE')
ON DUPLICATE KEY UPDATE
  name = VALUES(name),
  icon = VALUES(icon),
  type = VALUES(type);

-- Budget preferences
INSERT INTO budget_preferences (id, user_id, needs_pct, wants_pct, savings_pct)
VALUES
  ('d1000000-0000-4000-8000-000000000001', '11111111-1111-4111-8111-111111111111', 60, 25, 15),
  ('d2000000-0000-4000-8000-000000000001', '22222222-2222-4222-8222-222222222222', 50, 20, 30),
  ('d3000000-0000-4000-8000-000000000001', '33333333-3333-4333-8333-333333333333', 55, 25, 20)
ON DUPLICATE KEY UPDATE
  needs_pct = VALUES(needs_pct),
  wants_pct = VALUES(wants_pct),
  savings_pct = VALUES(savings_pct),
  updated_at = NOW();

DELETE FROM budgets
WHERE account_id IN (
  'aaaaaaa1-aaaa-4aaa-8aaa-aaaaaaaaaaa1',
  'bbbbbbb2-bbbb-4bbb-8bbb-bbbbbbbbbbb2',
  'ccccccc3-cccc-4ccc-8ccc-ccccccccccc3'
);

INSERT INTO budgets (id, account_id, category_id, amount_limit, period, alert_threshold, start_date, end_date)
VALUES
  ('e1000000-0000-4000-8000-000000000001', 'aaaaaaa1-aaaa-4aaa-8aaa-aaaaaaaaaaa1', 'a1000000-0000-4000-8000-000000000001', 1800000, 'MONTHLY', 0.80, '2026-04-01', '2026-04-30'),
  ('e1000000-0000-4000-8000-000000000002', 'aaaaaaa1-aaaa-4aaa-8aaa-aaaaaaaaaaa1', 'a1000000-0000-4000-8000-000000000002', 1200000, 'MONTHLY', 0.80, '2026-04-01', '2026-04-30'),
  ('e1000000-0000-4000-8000-000000000003', 'aaaaaaa1-aaaa-4aaa-8aaa-aaaaaaaaaaa1', 'a1000000-0000-4000-8000-000000000003', 2200000, 'MONTHLY', 0.80, '2026-04-01', '2026-04-30'),
  ('e1000000-0000-4000-8000-000000000004', 'aaaaaaa1-aaaa-4aaa-8aaa-aaaaaaaaaaa1', 'a1000000-0000-4000-8000-000000000004', 1000000, 'MONTHLY', 0.80, '2026-04-01', '2026-04-30'),
  ('e2000000-0000-4000-8000-000000000001', 'bbbbbbb2-bbbb-4bbb-8bbb-bbbbbbbbbbb2', 'b2000000-0000-4000-8000-000000000001', 3500000, 'MONTHLY', 0.80, '2026-04-01', '2026-04-30'),
  ('e2000000-0000-4000-8000-000000000002', 'bbbbbbb2-bbbb-4bbb-8bbb-bbbbbbbbbbb2', 'b2000000-0000-4000-8000-000000000002', 1800000, 'MONTHLY', 0.80, '2026-04-01', '2026-04-30'),
  ('e2000000-0000-4000-8000-000000000003', 'bbbbbbb2-bbbb-4bbb-8bbb-bbbbbbbbbbb2', 'b2000000-0000-4000-8000-000000000003', 4500000, 'MONTHLY', 0.80, '2026-04-01', '2026-04-30'),
  ('e2000000-0000-4000-8000-000000000004', 'bbbbbbb2-bbbb-4bbb-8bbb-bbbbbbbbbbb2', 'b2000000-0000-4000-8000-000000000004', 5000000, 'MONTHLY', 0.80, '2026-04-01', '2026-04-30'),
  ('e3000000-0000-4000-8000-000000000001', 'ccccccc3-cccc-4ccc-8ccc-ccccccccccc3', 'c3000000-0000-4000-8000-000000000001', 3000000, 'MONTHLY', 0.80, '2026-04-01', '2026-04-30'),
  ('e3000000-0000-4000-8000-000000000002', 'ccccccc3-cccc-4ccc-8ccc-ccccccccccc3', 'c3000000-0000-4000-8000-000000000002', 2500000, 'MONTHLY', 0.80, '2026-04-01', '2026-04-30'),
  ('e3000000-0000-4000-8000-000000000003', 'ccccccc3-cccc-4ccc-8ccc-ccccccccccc3', 'c3000000-0000-4000-8000-000000000003', 7000000, 'MONTHLY', 0.80, '2026-04-01', '2026-04-30'),
  ('e3000000-0000-4000-8000-000000000004', 'ccccccc3-cccc-4ccc-8ccc-ccccccccccc3', 'c3000000-0000-4000-8000-000000000004', 2500000, 'MONTHLY', 0.80, '2026-04-01', '2026-04-30');

-- Replace prior demo transactions for these users so the seed is rerunnable.
DELETE FROM transactions
WHERE user_id IN (
  '11111111-1111-4111-8111-111111111111',
  '22222222-2222-4222-8222-222222222222',
  '33333333-3333-4333-8333-333333333333'
);

INSERT INTO transactions (id, user_id, type, amount, currency, description, category_id, essential, occurred_at)
VALUES
  -- Student: Nguyen Minh Anh
  ('f1000000-0000-4000-8000-000000000001', '11111111-1111-4111-8111-111111111111', 'INCOME', 3500000, 'VND', 'Part-time cafe salary', NULL, 1, '2026-03-05 09:00:00'),
  ('f1000000-0000-4000-8000-000000000002', '11111111-1111-4111-8111-111111111111', 'INCOME', 2000000, 'VND', 'Family support', NULL, 1, '2026-03-06 10:00:00'),
  ('f1000000-0000-4000-8000-000000000003', '11111111-1111-4111-8111-111111111111', 'EXPENSE', 45000, 'VND', 'Banh mi breakfast', 'a1000000-0000-4000-8000-000000000001', 0, '2026-03-06 07:30:00'),
  ('f1000000-0000-4000-8000-000000000004', '11111111-1111-4111-8111-111111111111', 'EXPENSE', 68000, 'VND', 'Milk tea after class', 'a1000000-0000-4000-8000-000000000001', 0, '2026-03-08 19:10:00'),
  ('f1000000-0000-4000-8000-000000000005', '11111111-1111-4111-8111-111111111111', 'EXPENSE', 390000, 'VND', 'Weekly grocery top-up', 'a1000000-0000-4000-8000-000000000002', 1, '2026-03-09 18:00:00'),
  ('f1000000-0000-4000-8000-000000000006', '11111111-1111-4111-8111-111111111111', 'EXPENSE', 1800000, 'VND', 'Dorm rent', 'a1000000-0000-4000-8000-000000000003', 1, '2026-03-10 08:00:00'),
  ('f1000000-0000-4000-8000-000000000007', '11111111-1111-4111-8111-111111111111', 'EXPENSE', 220000, 'VND', 'Phone and data package', 'a1000000-0000-4000-8000-000000000003', 1, '2026-03-10 08:10:00'),
  ('f1000000-0000-4000-8000-000000000008', '11111111-1111-4111-8111-111111111111', 'EXPENSE', 320000, 'VND', 'Used textbook set', 'a1000000-0000-4000-8000-000000000004', 1, '2026-03-12 15:00:00'),
  ('f1000000-0000-4000-8000-000000000009', '11111111-1111-4111-8111-111111111111', 'EXPENSE', 85000, 'VND', 'Grab to campus', 'a1000000-0000-4000-8000-000000000005', 0, '2026-03-14 07:40:00'),
  ('f1000000-0000-4000-8000-000000000010', '11111111-1111-4111-8111-111111111111', 'EXPENSE', 125000, 'VND', 'Hotpot with classmates', 'a1000000-0000-4000-8000-000000000001', 0, '2026-03-18 20:00:00'),
  ('f1000000-0000-4000-8000-000000000011', '11111111-1111-4111-8111-111111111111', 'INCOME', 3500000, 'VND', 'Part-time cafe salary', NULL, 1, '2026-04-05 09:00:00'),
  ('f1000000-0000-4000-8000-000000000012', '11111111-1111-4111-8111-111111111111', 'INCOME', 2000000, 'VND', 'Family support', NULL, 1, '2026-04-06 10:00:00'),
  ('f1000000-0000-4000-8000-000000000013', '11111111-1111-4111-8111-111111111111', 'EXPENSE', 52000, 'VND', 'Pho lunch', 'a1000000-0000-4000-8000-000000000001', 0, '2026-04-07 12:20:00'),
  ('f1000000-0000-4000-8000-000000000014', '11111111-1111-4111-8111-111111111111', 'EXPENSE', 430000, 'VND', 'Weekly grocery top-up', 'a1000000-0000-4000-8000-000000000002', 1, '2026-04-09 18:00:00'),
  ('f1000000-0000-4000-8000-000000000015', '11111111-1111-4111-8111-111111111111', 'EXPENSE', 1800000, 'VND', 'Dorm rent', 'a1000000-0000-4000-8000-000000000003', 1, '2026-04-10 08:00:00'),
  ('f1000000-0000-4000-8000-000000000016', '11111111-1111-4111-8111-111111111111', 'EXPENSE', 240000, 'VND', 'Electricity and water share', 'a1000000-0000-4000-8000-000000000003', 1, '2026-04-10 08:15:00'),
  ('f1000000-0000-4000-8000-000000000017', '11111111-1111-4111-8111-111111111111', 'EXPENSE', 780000, 'VND', 'Mid-range headphones', 'a1000000-0000-4000-8000-000000000004', 0, '2026-04-13 20:30:00'),
  ('f1000000-0000-4000-8000-000000000018', '11111111-1111-4111-8111-111111111111', 'EXPENSE', 95000, 'VND', 'Cinema night', 'a1000000-0000-4000-8000-000000000005', 0, '2026-04-18 21:00:00'),
  ('f1000000-0000-4000-8000-000000000019', '11111111-1111-4111-8111-111111111111', 'EXPENSE', 145000, 'VND', 'Birthday dinner share', 'a1000000-0000-4000-8000-000000000001', 0, '2026-04-19 19:40:00'),

  -- Freelancer: Tran Quoc Bao
  ('f2000000-0000-4000-8000-000000000001', '22222222-2222-4222-8222-222222222222', 'INCOME', 12000000, 'VND', 'Website redesign project', NULL, 1, '2026-03-03 11:00:00'),
  ('f2000000-0000-4000-8000-000000000002', '22222222-2222-4222-8222-222222222222', 'INCOME', 8000000, 'VND', 'Brand identity package', NULL, 1, '2026-03-21 16:00:00'),
  ('f2000000-0000-4000-8000-000000000003', '22222222-2222-4222-8222-222222222222', 'EXPENSE', 950000, 'VND', 'Coworking seat', 'b2000000-0000-4000-8000-000000000003', 1, '2026-03-02 08:30:00'),
  ('f2000000-0000-4000-8000-000000000004', '22222222-2222-4222-8222-222222222222', 'EXPENSE', 350000, 'VND', 'Adobe subscription', 'b2000000-0000-4000-8000-000000000003', 1, '2026-03-03 08:35:00'),
  ('f2000000-0000-4000-8000-000000000005', '22222222-2222-4222-8222-222222222222', 'EXPENSE', 2400000, 'VND', '4K monitor installment', 'b2000000-0000-4000-8000-000000000004', 1, '2026-03-07 14:00:00'),
  ('f2000000-0000-4000-8000-000000000006', '22222222-2222-4222-8222-222222222222', 'EXPENSE', 180000, 'VND', 'Grab to client meeting', 'b2000000-0000-4000-8000-000000000005', 0, '2026-03-09 09:10:00'),
  ('f2000000-0000-4000-8000-000000000007', '22222222-2222-4222-8222-222222222222', 'EXPENSE', 290000, 'VND', 'Coffee with client', 'b2000000-0000-4000-8000-000000000001', 0, '2026-03-09 10:00:00'),
  ('f2000000-0000-4000-8000-000000000008', '22222222-2222-4222-8222-222222222222', 'EXPENSE', 650000, 'VND', 'Groceries', 'b2000000-0000-4000-8000-000000000002', 1, '2026-03-12 18:00:00'),
  ('f2000000-0000-4000-8000-000000000009', '22222222-2222-4222-8222-222222222222', 'EXPENSE', 2200000, 'VND', 'Apartment rent share', 'b2000000-0000-4000-8000-000000000003', 1, '2026-03-15 08:00:00'),
  ('f2000000-0000-4000-8000-000000000010', '22222222-2222-4222-8222-222222222222', 'EXPENSE', 500000, 'VND', 'Tax reserve transfer', 'b2000000-0000-4000-8000-000000000005', 1, '2026-03-26 17:00:00'),
  ('f2000000-0000-4000-8000-000000000011', '22222222-2222-4222-8222-222222222222', 'INCOME', 6000000, 'VND', 'Landing page retainer', NULL, 1, '2026-04-04 09:30:00'),
  ('f2000000-0000-4000-8000-000000000012', '22222222-2222-4222-8222-222222222222', 'INCOME', 14000000, 'VND', 'Mobile app UI contract', NULL, 1, '2026-04-18 15:45:00'),
  ('f2000000-0000-4000-8000-000000000013', '22222222-2222-4222-8222-222222222222', 'EXPENSE', 950000, 'VND', 'Coworking seat', 'b2000000-0000-4000-8000-000000000003', 1, '2026-04-02 08:30:00'),
  ('f2000000-0000-4000-8000-000000000014', '22222222-2222-4222-8222-222222222222', 'EXPENSE', 350000, 'VND', 'Adobe subscription', 'b2000000-0000-4000-8000-000000000003', 1, '2026-04-03 08:35:00'),
  ('f2000000-0000-4000-8000-000000000015', '22222222-2222-4222-8222-222222222222', 'EXPENSE', 3800000, 'VND', 'New tablet for design work', 'b2000000-0000-4000-8000-000000000004', 1, '2026-04-08 13:20:00'),
  ('f2000000-0000-4000-8000-000000000016', '22222222-2222-4222-8222-222222222222', 'EXPENSE', 420000, 'VND', 'Dinner after deadline', 'b2000000-0000-4000-8000-000000000001', 0, '2026-04-11 20:10:00'),
  ('f2000000-0000-4000-8000-000000000017', '22222222-2222-4222-8222-222222222222', 'EXPENSE', 720000, 'VND', 'Groceries', 'b2000000-0000-4000-8000-000000000002', 1, '2026-04-12 18:30:00'),
  ('f2000000-0000-4000-8000-000000000018', '22222222-2222-4222-8222-222222222222', 'EXPENSE', 2200000, 'VND', 'Apartment rent share', 'b2000000-0000-4000-8000-000000000003', 1, '2026-04-15 08:00:00'),
  ('f2000000-0000-4000-8000-000000000019', '22222222-2222-4222-8222-222222222222', 'EXPENSE', 650000, 'VND', 'Tax reserve transfer', 'b2000000-0000-4000-8000-000000000005', 1, '2026-04-19 18:00:00'),
  ('f2000000-0000-4000-8000-000000000020', '22222222-2222-4222-8222-222222222222', 'EXPENSE', 260000, 'VND', 'Grab to workshop', 'b2000000-0000-4000-8000-000000000005', 0, '2026-04-20 07:50:00'),

  -- Worker: Le Thu Ha
  ('f3000000-0000-4000-8000-000000000001', '33333333-3333-4333-8333-333333333333', 'INCOME', 18000000, 'VND', 'Monthly salary', NULL, 1, '2026-03-01 08:00:00'),
  ('f3000000-0000-4000-8000-000000000002', '33333333-3333-4333-8333-333333333333', 'EXPENSE', 5200000, 'VND', 'Apartment rent', 'c3000000-0000-4000-8000-000000000003', 1, '2026-03-02 08:10:00'),
  ('f3000000-0000-4000-8000-000000000003', '33333333-3333-4333-8333-333333333333', 'EXPENSE', 480000, 'VND', 'Electricity and water', 'c3000000-0000-4000-8000-000000000003', 1, '2026-03-05 18:00:00'),
  ('f3000000-0000-4000-8000-000000000004', '33333333-3333-4333-8333-333333333333', 'EXPENSE', 250000, 'VND', 'Mobile and internet', 'c3000000-0000-4000-8000-000000000003', 1, '2026-03-05 18:10:00'),
  ('f3000000-0000-4000-8000-000000000005', '33333333-3333-4333-8333-333333333333', 'EXPENSE', 1400000, 'VND', 'Supermarket haul', 'c3000000-0000-4000-8000-000000000002', 1, '2026-03-07 17:30:00'),
  ('f3000000-0000-4000-8000-000000000006', '33333333-3333-4333-8333-333333333333', 'EXPENSE', 220000, 'VND', 'Office lunch outings', 'c3000000-0000-4000-8000-000000000001', 0, '2026-03-11 12:40:00'),
  ('f3000000-0000-4000-8000-000000000007', '33333333-3333-4333-8333-333333333333', 'EXPENSE', 950000, 'VND', 'Work clothes', 'c3000000-0000-4000-8000-000000000004', 0, '2026-03-16 19:20:00'),
  ('f3000000-0000-4000-8000-000000000008', '33333333-3333-4333-8333-333333333333', 'EXPENSE', 180000, 'VND', 'Fuel and parking', 'c3000000-0000-4000-8000-000000000005', 1, '2026-03-18 08:20:00'),
  ('f3000000-0000-4000-8000-000000000009', '33333333-3333-4333-8333-333333333333', 'EXPENSE', 360000, 'VND', 'Dinner with colleagues', 'c3000000-0000-4000-8000-000000000001', 0, '2026-03-22 20:10:00'),
  ('f3000000-0000-4000-8000-000000000010', '33333333-3333-4333-8333-333333333333', 'EXPENSE', 600000, 'VND', 'Parents support transfer', 'c3000000-0000-4000-8000-000000000005', 1, '2026-03-25 21:00:00'),
  ('f3000000-0000-4000-8000-000000000011', '33333333-3333-4333-8333-333333333333', 'INCOME', 18000000, 'VND', 'Monthly salary', NULL, 1, '2026-04-01 08:00:00'),
  ('f3000000-0000-4000-8000-000000000012', '33333333-3333-4333-8333-333333333333', 'EXPENSE', 5200000, 'VND', 'Apartment rent', 'c3000000-0000-4000-8000-000000000003', 1, '2026-04-02 08:10:00'),
  ('f3000000-0000-4000-8000-000000000013', '33333333-3333-4333-8333-333333333333', 'EXPENSE', 510000, 'VND', 'Electricity and water', 'c3000000-0000-4000-8000-000000000003', 1, '2026-04-05 18:00:00'),
  ('f3000000-0000-4000-8000-000000000014', '33333333-3333-4333-8333-333333333333', 'EXPENSE', 1550000, 'VND', 'Supermarket haul', 'c3000000-0000-4000-8000-000000000002', 1, '2026-04-07 17:30:00'),
  ('f3000000-0000-4000-8000-000000000015', '33333333-3333-4333-8333-333333333333', 'EXPENSE', 280000, 'VND', 'Team lunch', 'c3000000-0000-4000-8000-000000000001', 0, '2026-04-10 12:40:00'),
  ('f3000000-0000-4000-8000-000000000016', '33333333-3333-4333-8333-333333333333', 'EXPENSE', 1650000, 'VND', 'New office chair', 'c3000000-0000-4000-8000-000000000004', 0, '2026-04-14 20:00:00'),
  ('f3000000-0000-4000-8000-000000000017', '33333333-3333-4333-8333-333333333333', 'EXPENSE', 210000, 'VND', 'Fuel and parking', 'c3000000-0000-4000-8000-000000000005', 1, '2026-04-16 08:20:00'),
  ('f3000000-0000-4000-8000-000000000018', '33333333-3333-4333-8333-333333333333', 'EXPENSE', 540000, 'VND', 'Family dinner', 'c3000000-0000-4000-8000-000000000001', 0, '2026-04-19 19:50:00'),
  ('f3000000-0000-4000-8000-000000000019', '33333333-3333-4333-8333-333333333333', 'EXPENSE', 700000, 'VND', 'Parents support transfer', 'c3000000-0000-4000-8000-000000000005', 1, '2026-04-20 09:00:00');

SELECT user_id, type, COUNT(*) AS tx_count, FORMAT(SUM(amount), 0) AS total_vnd
FROM transactions
WHERE user_id IN (
  '11111111-1111-4111-8111-111111111111',
  '22222222-2222-4222-8222-222222222222',
  '33333333-3333-4333-8333-333333333333'
)
GROUP BY user_id, type
ORDER BY user_id, type;
